"kodjaz","akrcis","kodcis","chodnota","zkrtext","text","admplod","admnepo","zeme3"
"CS","CZEMALFA",1186,"AD","Andorra","Andorrské knížectví","1900-01-01","9999-09-09","AND"
"CS","CZEMALFA",1186,"AE","Spojené arabské emiráty","Stát Spojené arabské emiráty","1900-01-01","9999-09-09","ARE"
"CS","CZEMALFA",1186,"AF","Afghánistán","Afghánská islámská republika","1900-01-01","9999-09-09","AFG"
"CS","CZEMALFA",1186,"AG","Antigua a Barbuda","Antigua a Barbuda","1900-01-01","9999-09-09","ATG"
"CS","CZEMALFA",1186,"AI","Anguilla","Anguilla","1900-01-01","9999-09-09","AIA"
"CS","CZEMALFA",1186,"AL","Albánie","Albánská republika","1900-01-01","9999-09-09","ALB"
"CS","CZEMALFA",1186,"AM","Arménie","Arménská republika","1900-01-01","9999-09-09","ARM"
"CS","CZEMALFA",1186,"AO","Angola","Angolská republika","1900-01-01","9999-09-09","AGO"
"CS","CZEMALFA",1186,"AQ","Antarktida","Antarktida","1900-01-01","9999-09-09","ATA"
"CS","CZEMALFA",1186,"AR","Argentina","Argentinská republika","1900-01-01","9999-09-09","ARG"
"CS","CZEMALFA",1186,"AS","Americká Samoa","Území Americká Samoa","1900-01-01","9999-09-09","ASM"
"CS","CZEMALFA",1186,"AT","Rakousko","Rakouská republika","1900-01-01","9999-09-09","AUT"
"CS","CZEMALFA",1186,"AU","Austrálie","Australské společenství","1900-01-01","9999-09-09","AUS"
"CS","CZEMALFA",1186,"AW","Aruba","Aruba","1900-01-01","9999-09-09","ABW"
"CS","CZEMALFA",1186,"AX","Alandy","Provincie Alandy","2004-02-13","9999-09-09","ALA"
"CS","CZEMALFA",1186,"AZ","Ázerbájdžán","Ázerbájdžánská republika","1900-01-01","9999-09-09","AZE"
"CS","CZEMALFA",1186,"BA","Bosna a Hercegovina","Bosna a Hercegovina","1900-01-01","9999-09-09","BIH"
"CS","CZEMALFA",1186,"BB","Barbados","Barbados","1900-01-01","9999-09-09","BRB"
"CS","CZEMALFA",1186,"BD","Bangladéš","Bangladéšská lidová republika","1900-01-01","9999-09-09","BGD"
"CS","CZEMALFA",1186,"BE","Belgie","Belgické království","1900-01-01","9999-09-09","BEL"
"CS","CZEMALFA",1186,"BF","Burkina Faso","Burkina Faso","1900-01-01","9999-09-09","BFA"
"CS","CZEMALFA",1186,"BG","Bulharsko","Bulharská republika","1900-01-01","9999-09-09","BGR"
"CS","CZEMALFA",1186,"BH","Bahrajn","Království Bahrajn","1900-01-01","9999-09-09","BHR"
"CS","CZEMALFA",1186,"BI","Burundi","Burundská republika","1900-01-01","9999-09-09","BDI"
"CS","CZEMALFA",1186,"BJ","Benin","Beninská republika","1900-01-01","9999-09-09","BEN"
"CS","CZEMALFA",1186,"BL","Svatý Bartoloměj","Společenství Svatý Bartoloměj","2007-09-21","9999-09-09","BLM"
"CS","CZEMALFA",1186,"BM","Bermudy","Bermudy","1900-01-01","9999-09-09","BMU"
"CS","CZEMALFA",1186,"BN","Brunej","Stát Brunej Darussalam","1900-01-01","9999-09-09","BRN"
"CS","CZEMALFA",1186,"BO","Bolívie","Mnohonárodní stát Bolívie","1900-01-01","9999-09-09","BOL"
"CS","CZEMALFA",1186,"BQ","Bonaire, Svatý Eustach a Saba","Bonaire, Svatý Eustach a Saba","2011-07-01","9999-09-09","BES"
"CS","CZEMALFA",1186,"BR","Brazílie","Brazilská federativní republika","1900-01-01","9999-09-09","BRA"
"CS","CZEMALFA",1186,"BS","Bahamy","Bahamské společenství","1900-01-01","9999-09-09","BHS"
"CS","CZEMALFA",1186,"BT","Bhútán","Bhútánské království","1900-01-01","9999-09-09","BTN"
"CS","CZEMALFA",1186,"BV","Bouvetův ostrov","Bouvetův ostrov","1900-01-01","9999-09-09","BVT"
"CS","CZEMALFA",1186,"BW","Botswana","Botswanská republika","1900-01-01","9999-09-09","BWA"
"CS","CZEMALFA",1186,"BY","Bělorusko","Běloruská republika","1900-01-01","9999-09-09","BLR"
"CS","CZEMALFA",1186,"BZ","Belize","Belize","1900-01-01","9999-09-09","BLZ"
"CS","CZEMALFA",1186,"CA","Kanada","Kanada","1900-01-01","9999-09-09","CAN"
"CS","CZEMALFA",1186,"CC","Kokosové (Keelingovy) ostrovy","Území Kokosové (Keelingovy) ostrovy","1900-01-01","9999-09-09","CCK"
"CS","CZEMALFA",1186,"CD","Konžská demokratická republika","Konžská demokratická republika","1998-01-01","9999-09-09","COD"
"CS","CZEMALFA",1186,"CF","Středoafrická republika","Středoafrická republika","1900-01-01","9999-09-09","CAF"
"CS","CZEMALFA",1186,"CG","Konžská republika","Konžská republika","1900-01-01","9999-09-09","COG"
"CS","CZEMALFA",1186,"CH","Švýcarsko","Švýcarská konfederace","1900-01-01","9999-09-09","CHE"
"CS","CZEMALFA",1186,"CI","Pobřeží slonoviny","Republika Pobřeží slonoviny","1900-01-01","9999-09-09","CIV"
"CS","CZEMALFA",1186,"CK","Cookovy ostrovy","Cookovy ostrovy","1900-01-01","9999-09-09","COK"
"CS","CZEMALFA",1186,"CL","Chile","Chilská republika","1900-01-01","9999-09-09","CHL"
"CS","CZEMALFA",1186,"CM","Kamerun","Kamerunská republika","1900-01-01","9999-09-09","CMR"
"CS","CZEMALFA",1186,"CN","Čína","Čínská lidová republika","1900-01-01","9999-09-09","CHN"
"CS","CZEMALFA",1186,"CO","Kolumbie","Kolumbijská republika","1900-01-01","9999-09-09","COL"
"CS","CZEMALFA",1186,"CR","Kostarika","Kostarická republika","1900-01-01","9999-09-09","CRI"
"CS","CZEMALFA",1186,"CU","Kuba","Kubánská republika","1900-01-01","9999-09-09","CUB"
"CS","CZEMALFA",1186,"CV","Kapverdy","Kapverdská republika","1900-01-01","9999-09-09","CPV"
"CS","CZEMALFA",1186,"CW","Curaçao","Země Curaçao","2011-07-01","9999-09-09","CUW"
"CS","CZEMALFA",1186,"CX","Vánoční ostrov","Území Vánoční ostrov","1900-01-01","9999-09-09","CXR"
"CS","CZEMALFA",1186,"CY","Kypr","Kyperská republika","1900-01-01","9999-09-09","CYP"
"CS","CZEMALFA",1186,"CZ","Česko","Česká republika","1900-01-01","9999-09-09","CZE"
"CS","CZEMALFA",1186,"DE","Německo","Spolková republika Německo","1900-01-01","9999-09-09","DEU"
"CS","CZEMALFA",1186,"DJ","Džibutsko","Džibutská republika","1900-01-01","9999-09-09","DJI"
"CS","CZEMALFA",1186,"DK","Dánsko","Dánské království","1900-01-01","9999-09-09","DNK"
"CS","CZEMALFA",1186,"DM","Dominika","Dominické společenství","1900-01-01","9999-09-09","DMA"
"CS","CZEMALFA",1186,"DO","Dominikánská republika","Dominikánská republika","1900-01-01","9999-09-09","DOM"
"CS","CZEMALFA",1186,"DZ","Alžírsko","Alžírská demokratická a lidová republika","1900-01-01","9999-09-09","DZA"
"CS","CZEMALFA",1186,"EC","Ekvádor","Ekvádorská republika","1900-01-01","9999-09-09","ECU"
"CS","CZEMALFA",1186,"EE","Estonsko","Estonská republika","1900-01-01","9999-09-09","EST"
"CS","CZEMALFA",1186,"EG","Egypt","Egyptská arabská republika","1900-01-01","9999-09-09","EGY"
"CS","CZEMALFA",1186,"EH","Západní Sahara","Saharská arabská demokratická republika","1900-01-01","9999-09-09","ESH"
"CS","CZEMALFA",1186,"ER","Eritrea","Stát Eritrea","1994-01-01","9999-09-09","ERI"
"CS","CZEMALFA",1186,"ES","Španělsko","Španělské království","1900-01-01","9999-09-09","ESP"
"CS","CZEMALFA",1186,"ET","Etiopie","Etiopská federativní demokratická republika","1900-01-01","9999-09-09","ETH"
"CS","CZEMALFA",1186,"FI","Finsko","Finská republika","1900-01-01","9999-09-09","FIN"
"CS","CZEMALFA",1186,"FJ","Fidži","Fidžijská republika","1900-01-01","9999-09-09","FJI"
"CS","CZEMALFA",1186,"FK","Falklandy (Malvíny)","Falklandy (Malvíny)","1900-01-01","9999-09-09","FLK"
"CS","CZEMALFA",1186,"FM","Mikronésie","Federativní státy Mikronésie","1900-01-01","9999-09-09","FSM"
"CS","CZEMALFA",1186,"FO","Faerské ostrovy","Faerské ostrovy","1900-01-01","9999-09-09","FRO"
"CS","CZEMALFA",1186,"FR","Francie","Francouzská republika","1900-01-01","9999-09-09","FRA"
"CS","CZEMALFA",1186,"GA","Gabon","Gabonská republika","1900-01-01","9999-09-09","GAB"
"CS","CZEMALFA",1186,"GB","Velká Británie a Severní Irsko","Spojené království Velké Británie a Severního Irska","1900-01-01","9999-09-09","GBR"
"CS","CZEMALFA",1186,"GD","Grenada","Grenada","1900-01-01","9999-09-09","GRD"
"CS","CZEMALFA",1186,"GE","Gruzie","Gruzie","1900-01-01","9999-09-09","GEO"
"CS","CZEMALFA",1186,"GF","Francouzská Guyana","Francouzská Guyana","1900-01-01","9999-09-09","GUF"
"CS","CZEMALFA",1186,"GG","Guernsey","Bailiwick Guernsey","2006-03-29","9999-09-09","GGY"
"CS","CZEMALFA",1186,"GH","Ghana","Ghanská republika","1900-01-01","9999-09-09","GHA"
"CS","CZEMALFA",1186,"GI","Gibraltar","Gibraltar","1900-01-01","9999-09-09","GIB"
"CS","CZEMALFA",1186,"GL","Grónsko","Grónsko","1900-01-01","9999-09-09","GRL"
"CS","CZEMALFA",1186,"GM","Gambie","Gambijská republika","1900-01-01","9999-09-09","GMB"
"CS","CZEMALFA",1186,"GN","Guinea","Guinejská republika","1900-01-01","9999-09-09","GIN"
"CS","CZEMALFA",1186,"GP","Guadeloupe","Region Guadeloupe","1900-01-01","9999-09-09","GLP"
"CS","CZEMALFA",1186,"GQ","Rovníková Guinea","Republika Rovníková Guinea","1900-01-01","9999-09-09","GNQ"
"CS","CZEMALFA",1186,"GR","Řecko","Řecká republika","1900-01-01","9999-09-09","GRC"
"CS","CZEMALFA",1186,"GS","Jižní Georgie a Jižní Sandwichovy ostrovy","Jižní Georgie a Jižní Sandwichovy ostrovy","1994-01-01","9999-09-09","SGS"
"CS","CZEMALFA",1186,"GT","Guatemala","Guatemalská republika","1900-01-01","9999-09-09","GTM"
"CS","CZEMALFA",1186,"GU","Guam","Teritorium Guam","1900-01-01","9999-09-09","GUM"
"CS","CZEMALFA",1186,"GW","Guinea-Bissau","Republika Guinea-Bissau","1900-01-01","9999-09-09","GNB"
"CS","CZEMALFA",1186,"GY","Guyana","Guyanská kooperativní republika","1900-01-01","9999-09-09","GUY"
"CS","CZEMALFA",1186,"HK","Hongkong","Zvláštní administrativní oblast Čínské lidové republiky Hongkong","1900-01-01","9999-09-09","HKG"
"CS","CZEMALFA",1186,"HM","Heardův ostrov a MacDonaldovy ostrovy","Heardův ostrov a MacDonaldovy ostrovy","1900-01-01","9999-09-09","HMD"
"CS","CZEMALFA",1186,"HN","Honduras","Honduraská republika","1900-01-01","9999-09-09","HND"
"CS","CZEMALFA",1186,"HR","Chorvatsko","Chorvatská republika","1900-01-01","9999-09-09","HRV"
"CS","CZEMALFA",1186,"HT","Haiti","Republika Haiti","1900-01-01","9999-09-09","HTI"
"CS","CZEMALFA",1186,"HU","Maďarsko","Maďarsko","1900-01-01","9999-09-09","HUN"
"CS","CZEMALFA",1186,"ID","Indonésie","Indonéská republika","1900-01-01","9999-09-09","IDN"
"CS","CZEMALFA",1186,"IE","Irsko","Irsko","1900-01-01","9999-09-09","IRL"
"CS","CZEMALFA",1186,"IL","Izrael","Stát Izrael","1900-01-01","9999-09-09","ISR"
"CS","CZEMALFA",1186,"IM","Man","Ostrov Man","2006-03-29","9999-09-09","IMN"
"CS","CZEMALFA",1186,"IN","Indie","Indická republika","1900-01-01","9999-09-09","IND"
"CS","CZEMALFA",1186,"IO","Britské indickooceánské území","Britské území v Indickém oceánu","1900-01-01","9999-09-09","IOT"
"CS","CZEMALFA",1186,"IQ","Irák","Irácká republika","1900-01-01","9999-09-09","IRQ"
"CS","CZEMALFA",1186,"IR","Írán","Íránská islámská republika","1900-01-01","9999-09-09","IRN"
"CS","CZEMALFA",1186,"IS","Island","Islandská republika","1900-01-01","9999-09-09","ISL"
"CS","CZEMALFA",1186,"IT","Itálie","Italská republika","1900-01-01","9999-09-09","ITA"
"CS","CZEMALFA",1186,"JE","Jersey","Bailiwick Jersey","2006-03-29","9999-09-09","JEY"
"CS","CZEMALFA",1186,"JM","Jamajka","Jamajka","1900-01-01","9999-09-09","JAM"
"CS","CZEMALFA",1186,"JO","Jordánsko","Jordánské hášimovské království","1900-01-01","9999-09-09","JOR"
"CS","CZEMALFA",1186,"JP","Japonsko","Japonsko","1900-01-01","9999-09-09","JPN"
"CS","CZEMALFA",1186,"KE","Keňa","Keňská republika","1900-01-01","9999-09-09","KEN"
"CS","CZEMALFA",1186,"KG","Kyrgyzstán","Kyrgyzská republika","1900-01-01","9999-09-09","KGZ"
"CS","CZEMALFA",1186,"KH","Kambodža","Kambodžské království","1900-01-01","9999-09-09","KHM"
"CS","CZEMALFA",1186,"KI","Kiribati","Republika Kiribati","1900-01-01","9999-09-09","KIR"
"CS","CZEMALFA",1186,"KM","Komory","Komorský svaz","1900-01-01","9999-09-09","COM"
"CS","CZEMALFA",1186,"KN","Svatý Kryštof a Nevis","Federace Svatý Kryštof a Nevis","1900-01-01","9999-09-09","KNA"
"CS","CZEMALFA",1186,"KP","Korejská lidově demokratická republika","Korejská lidově demokratická republika","1900-01-01","9999-09-09","PRK"
"CS","CZEMALFA",1186,"KR","Korejská republika","Korejská republika","1900-01-01","9999-09-09","KOR"
"CS","CZEMALFA",1186,"KW","Kuvajt","Kuvajtský stát","1900-01-01","9999-09-09","KWT"
"CS","CZEMALFA",1186,"KY","Kajmanské ostrovy","Kajmanské ostrovy","1900-01-01","9999-09-09","CYM"
"CS","CZEMALFA",1186,"KZ","Kazachstán","Republika Kazachstán","1900-01-01","9999-09-09","KAZ"
"CS","CZEMALFA",1186,"LA","Laos","Laoská lidově demokratická republika","1900-01-01","9999-09-09","LAO"
"CS","CZEMALFA",1186,"LB","Libanon","Libanonská republika","1900-01-01","9999-09-09","LBN"
"CS","CZEMALFA",1186,"LC","Svatá Lucie","Svatá Lucie","1900-01-01","9999-09-09","LCA"
"CS","CZEMALFA",1186,"LI","Lichtenštejnsko","Lichtenštejnské knížectví","1900-01-01","9999-09-09","LIE"
"CS","CZEMALFA",1186,"LK","Šrí Lanka","Šrílanská demokratická socialistická republika","1900-01-01","9999-09-09","LKA"
"CS","CZEMALFA",1186,"LR","Libérie","Liberijská republika","1900-01-01","9999-09-09","LBR"
"CS","CZEMALFA",1186,"LS","Lesotho","Lesothské království","1900-01-01","9999-09-09","LSO"
"CS","CZEMALFA",1186,"LT","Litva","Litevská republika","1900-01-01","9999-09-09","LTU"
"CS","CZEMALFA",1186,"LU","Lucembursko","Lucemburské velkovévodství","1900-01-01","9999-09-09","LUX"
"CS","CZEMALFA",1186,"LV","Lotyšsko","Lotyšská republika","1900-01-01","9999-09-09","LVA"
"CS","CZEMALFA",1186,"LY","Libye","Libyjský stát","1900-01-01","9999-09-09","LBY"
"CS","CZEMALFA",1186,"MA","Maroko","Marocké království","1900-01-01","9999-09-09","MAR"
"CS","CZEMALFA",1186,"MC","Monako","Monacké knížectví","1900-01-01","9999-09-09","MCO"
"CS","CZEMALFA",1186,"MD","Moldavsko","Moldavská republika","1900-01-01","9999-09-09","MDA"
"CS","CZEMALFA",1186,"ME","Černá Hora","Černá Hora","2006-06-03","9999-09-09","MNE"
"CS","CZEMALFA",1186,"MF","Svatý Martin (FR)","Společenství Svatý Martin","2007-09-21","9999-09-09","MAF"
"CS","CZEMALFA",1186,"MG","Madagaskar","Madagaskarská republika","1900-01-01","9999-09-09","MDG"
"CS","CZEMALFA",1186,"MH","Marshallovy ostrovy","Republika Marshallovy ostrovy","1900-01-01","9999-09-09","MHL"
"CS","CZEMALFA",1186,"MK","Severní Makedonie","Republika Severní Makedonie","1997-05-30","9999-09-09","MKD"
"CS","CZEMALFA",1186,"ML","Mali","Republika Mali","1900-01-01","9999-09-09","MLI"
"CS","CZEMALFA",1186,"MM","Myanmar","Republika Myanmarský svaz","1900-01-01","9999-09-09","MMR"
"CS","CZEMALFA",1186,"MN","Mongolsko","Mongolsko","1900-01-01","9999-09-09","MNG"
"CS","CZEMALFA",1186,"MO","Macao","Zvláštní administrativní oblast Čínské lidové republiky Macao","1900-01-01","9999-09-09","MAC"
"CS","CZEMALFA",1186,"MP","Severní Mariany","Společenství Severní Mariany","1900-01-01","9999-09-09","MNP"
"CS","CZEMALFA",1186,"MQ","Martinik","Martinik","1900-01-01","9999-09-09","MTQ"
"CS","CZEMALFA",1186,"MR","Mauritánie","Mauritánská islámská republika","1900-01-01","9999-09-09","MRT"
"CS","CZEMALFA",1186,"MS","Montserrat","Montserrat","1900-01-01","9999-09-09","MSR"
"CS","CZEMALFA",1186,"MT","Malta","Maltská republika","1900-01-01","9999-09-09","MLT"
"CS","CZEMALFA",1186,"MU","Mauricius","Mauricijská republika","1900-01-01","9999-09-09","MUS"
"CS","CZEMALFA",1186,"MV","Maledivy","Maledivská republika","1900-01-01","9999-09-09","MDV"
"CS","CZEMALFA",1186,"MW","Malawi","Malawiská republika","1900-01-01","9999-09-09","MWI"
"CS","CZEMALFA",1186,"MX","Mexiko","Spojené státy mexické","1900-01-01","9999-09-09","MEX"
"CS","CZEMALFA",1186,"MY","Malajsie","Malajsie","1900-01-01","9999-09-09","MYS"
"CS","CZEMALFA",1186,"MZ","Mosambik","Mosambická republika","1900-01-01","9999-09-09","MOZ"
"CS","CZEMALFA",1186,"NA","Namibie","Namibijská republika","1900-01-01","9999-09-09","NAM"
"CS","CZEMALFA",1186,"NC","Nová Kaledonie","Nová Kaledonie","1900-01-01","9999-09-09","NCL"
"CS","CZEMALFA",1186,"NE","Niger","Nigerská republika","1900-01-01","9999-09-09","NER"
"CS","CZEMALFA",1186,"NF","Norfolk","Území Norfolk","1900-01-01","9999-09-09","NFK"
"CS","CZEMALFA",1186,"NG","Nigérie","Nigerijská federativní republika","1900-01-01","9999-09-09","NGA"
"CS","CZEMALFA",1186,"NI","Nikaragua","Nikaragujská republika","1900-01-01","9999-09-09","NIC"
"CS","CZEMALFA",1186,"NL","Nizozemské království","Nizozemské království","1900-01-01","9999-09-09","NLD"
"CS","CZEMALFA",1186,"NO","Norsko","Norské království","1900-01-01","9999-09-09","NOR"
"CS","CZEMALFA",1186,"NP","Nepál","Nepálská federativní demokratická republika","1900-01-01","9999-09-09","NPL"
"CS","CZEMALFA",1186,"NR","Nauru","Republika Nauru","1900-01-01","9999-09-09","NRU"
"CS","CZEMALFA",1186,"NU","Niue","Niue","1900-01-01","9999-09-09","NIU"
"CS","CZEMALFA",1186,"NZ","Nový Zéland","Nový Zéland","1900-01-01","9999-09-09","NZL"
"CS","CZEMALFA",1186,"OM","Omán","Sultanát Omán","1900-01-01","9999-09-09","OMN"
"CS","CZEMALFA",1186,"PA","Panama","Panamská republika","1900-01-01","9999-09-09","PAN"
"CS","CZEMALFA",1186,"PE","Peru","Peruánská republika","1900-01-01","9999-09-09","PER"
"CS","CZEMALFA",1186,"PF","Francouzská Polynésie","Francouzská Polynésie","1900-01-01","9999-09-09","PYF"
"CS","CZEMALFA",1186,"PG","Papua Nová Guinea","Nezávislý stát Papua Nová Guinea","1900-01-01","9999-09-09","PNG"
"CS","CZEMALFA",1186,"PH","Filipíny","Filipínská republika","1900-01-01","9999-09-09","PHL"
"CS","CZEMALFA",1186,"PK","Pákistán","Pákistánská islámská republika","1900-01-01","9999-09-09","PAK"
"CS","CZEMALFA",1186,"PL","Polsko","Polská republika","1900-01-01","9999-09-09","POL"
"CS","CZEMALFA",1186,"PM","Saint Pierre a Miquelon","Územní společenství Saint Pierre a Miquelon","1900-01-01","9999-09-09","SPM"
"CS","CZEMALFA",1186,"PN","Pitcairn","Pitcairnovy ostrovy","1900-01-01","9999-09-09","PCN"
"CS","CZEMALFA",1186,"PR","Portoriko","Portorické společenství","1900-01-01","9999-09-09","PRI"
"CS","CZEMALFA",1186,"PS","Palestina","Palestinská autonomní území","2002-01-01","9999-09-09","PSE"
"CS","CZEMALFA",1186,"PT","Portugalsko","Portugalská republika","1900-01-01","9999-09-09","PRT"
"CS","CZEMALFA",1186,"PW","Palau","Republika Palau","1900-01-01","9999-09-09","PLW"
"CS","CZEMALFA",1186,"PY","Paraguay","Paraguayská republika","1900-01-01","9999-09-09","PRY"
"CS","CZEMALFA",1186,"QA","Katar","Stát Katar","1900-01-01","9999-09-09","QAT"
"CS","CZEMALFA",1186,"RE","Réunion","Region Réunion","1900-01-01","9999-09-09","REU"
"CS","CZEMALFA",1186,"RO","Rumunsko","Rumunsko","1900-01-01","9999-09-09","ROU"
"CS","CZEMALFA",1186,"RS","Srbsko","Srbská republika","2006-06-03","9999-09-09","SRB"
"CS","CZEMALFA",1186,"RU","Rusko","Ruská federace","1900-01-01","9999-09-09","RUS"
"CS","CZEMALFA",1186,"RW","Rwanda","Rwandská republika","1900-01-01","9999-09-09","RWA"
"CS","CZEMALFA",1186,"SA","Saúdská Arábie","Království Saúdská Arábie","1900-01-01","9999-09-09","SAU"
"CS","CZEMALFA",1186,"SB","Šalomounovy ostrovy","Šalomounovy ostrovy","1900-01-01","9999-09-09","SLB"
"CS","CZEMALFA",1186,"SC","Seychely","Seychelská republika","1900-01-01","9999-09-09","SYC"
"CS","CZEMALFA",1186,"SD","Súdán","Súdánská republika","1900-01-01","9999-09-09","SDN"
"CS","CZEMALFA",1186,"SE","Švédsko","Švédské království","1900-01-01","9999-09-09","SWE"
"CS","CZEMALFA",1186,"SG","Singapur","Singapurská republika","1900-01-01","9999-09-09","SGP"
"CS","CZEMALFA",1186,"SH","Svatá Helena","Svatá Helena, Ascension a Tristan da Cunha","1900-01-01","9999-09-09","SHN"
"CS","CZEMALFA",1186,"SI","Slovinsko","Slovinská republika","1900-01-01","9999-09-09","SVN"
"CS","CZEMALFA",1186,"SJ","Špicberky a Jan Mayen","Špicberky a Jan Mayen","1900-01-01","9999-09-09","SJM"
"CS","CZEMALFA",1186,"SK","Slovensko","Slovenská republika","1900-01-01","9999-09-09","SVK"
"CS","CZEMALFA",1186,"SL","Sierra Leone","Republika Sierra Leone","1900-01-01","9999-09-09","SLE"
"CS","CZEMALFA",1186,"SM","San Marino","Republika San Marino","1900-01-01","9999-09-09","SMR"
"CS","CZEMALFA",1186,"SN","Senegal","Senegalská republika","1900-01-01","9999-09-09","SEN"
"CS","CZEMALFA",1186,"SO","Somálsko","Somálská federativní republika","1900-01-01","9999-09-09","SOM"
"CS","CZEMALFA",1186,"SR","Surinam","Surinamská republika","1900-01-01","9999-09-09","SUR"
"CS","CZEMALFA",1186,"SS","Jižní Súdán","Jihosúdánská republika","2012-01-01","9999-09-09","SSD"
"CS","CZEMALFA",1186,"ST","Svatý Tomáš a Princův ostrov","Demokratická republika Svatý Tomáš a Princův ostrov","1900-01-01","9999-09-09","STP"
"CS","CZEMALFA",1186,"SV","Salvador","Salvadorská republika","1900-01-01","9999-09-09","SLV"
"CS","CZEMALFA",1186,"SX","Svatý Martin (NL)","Svatý Martin (NL)","2011-07-01","9999-09-09","SXM"
"CS","CZEMALFA",1186,"SY","Sýrie","Syrská arabská republika","1900-01-01","9999-09-09","SYR"
"CS","CZEMALFA",1186,"SZ","Svazijsko","Svazijské království","1900-01-01","9999-09-09","SWZ"
"CS","CZEMALFA",1186,"TC","Turks a Caicos","Ostrovy Turks a Caicos","1900-01-01","9999-09-09","TCA"
"CS","CZEMALFA",1186,"TD","Čad","Čadská republika","1900-01-01","9999-09-09","TCD"
"CS","CZEMALFA",1186,"TF","Francouzská jižní a antarktická území","Francouzská jižní a antarktická území","1900-01-01","9999-09-09","ATF"
"CS","CZEMALFA",1186,"TG","Togo","Tožská republika","1900-01-01","9999-09-09","TGO"
"CS","CZEMALFA",1186,"TH","Thajsko","Thajské království","1900-01-01","9999-09-09","THA"
"CS","CZEMALFA",1186,"TJ","Tádžikistán","Republika Tádžikistán","1900-01-01","9999-09-09","TJK"
"CS","CZEMALFA",1186,"TK","Tokelau","Tokelau","1900-01-01","9999-09-09","TKL"
"CS","CZEMALFA",1186,"TL","Východní Timor","Demokratická republika Východní Timor","2004-01-01","9999-09-09","TLS"
"CS","CZEMALFA",1186,"TM","Turkmenistán","Turkmenistán","1900-01-01","9999-09-09","TKM"
"CS","CZEMALFA",1186,"TN","Tunisko","Tuniská republika","1900-01-01","9999-09-09","TUN"
"CS","CZEMALFA",1186,"TO","Tonga","Království Tonga","1900-01-01","9999-09-09","TON"
"CS","CZEMALFA",1186,"TR","Turecko","Turecká republika","1900-01-01","9999-09-09","TUR"
"CS","CZEMALFA",1186,"TT","Trinidad a Tobago","Republika Trinidad a Tobago","1900-01-01","9999-09-09","TTO"
"CS","CZEMALFA",1186,"TV","Tuvalu","Tuvalu","1900-01-01","9999-09-09","TUV"
"CS","CZEMALFA",1186,"TW","Tchaj-wan","Tchaj-wan","1900-01-01","9999-09-09","TWN"
"CS","CZEMALFA",1186,"TZ","Tanzanie","Tanzanská sjednocená republika","1900-01-01","9999-09-09","TZA"
"CS","CZEMALFA",1186,"UA","Ukrajina","Ukrajina","1900-01-01","9999-09-09","UKR"
"CS","CZEMALFA",1186,"UG","Uganda","Ugandská republika","1900-01-01","9999-09-09","UGA"
"CS","CZEMALFA",1186,"UM","Menší odlehlé ostrovy USA","Menší odlehlé ostrovy USA","1900-01-01","9999-09-09","UMI"
"CS","CZEMALFA",1186,"US","Spojené státy","Spojené státy americké","1900-01-01","9999-09-09","USA"
"CS","CZEMALFA",1186,"UY","Uruguay","Uruguayská východní republika","1900-01-01","9999-09-09","URY"
"CS","CZEMALFA",1186,"UZ","Uzbekistán","Republika Uzbekistán","1900-01-01","9999-09-09","UZB"
"CS","CZEMALFA",1186,"VA","Vatikán","Vatikánský městský stát","1900-01-01","9999-09-09","VAT"
"CS","CZEMALFA",1186,"VC","Svatý Vincenc a Grenadiny","Svatý Vincenc a Grenadiny","1900-01-01","9999-09-09","VCT"
"CS","CZEMALFA",1186,"VE","Venezuela","Bolívarovská republika Venezuela","1900-01-01","9999-09-09","VEN"
"CS","CZEMALFA",1186,"VG","Britské Panenské ostrovy","Britské Panenské ostrovy","1900-01-01","9999-09-09","VGB"
"CS","CZEMALFA",1186,"VI","Americké Panenské ostrovy","Americké Panenské ostrovy","1900-01-01","9999-09-09","VIR"
"CS","CZEMALFA",1186,"VN","Vietnam","Vietnamská socialistická republika","1900-01-01","9999-09-09","VNM"
"CS","CZEMALFA",1186,"VU","Vanuatu","Republika Vanuatu","1900-01-01","9999-09-09","VUT"
"CS","CZEMALFA",1186,"WF","Wallis a Futuna","Teritorium Wallisovy ostrovy a Futuna","1900-01-01","9999-09-09","WLF"
"CS","CZEMALFA",1186,"WS","Samoa","Nezávislý stát Samoa","1900-01-01","9999-09-09","WSM"
"CS","CZEMALFA",1186,"XK","Kosovo","Kosovská republika","2011-01-01","9999-09-09","XXK"
"CS","CZEMALFA",1186,"YE","Jemen","Jemenská republika","1900-01-01","9999-09-09","YEM"
"CS","CZEMALFA",1186,"YT","Mayotte","Departement Mayotte","1994-01-01","9999-09-09","MYT"
"CS","CZEMALFA",1186,"ZA","Jižní Afrika","Jihoafrická republika","1900-01-01","9999-09-09","ZAF"
"CS","CZEMALFA",1186,"ZM","Zambie","Zambijská republika","1900-01-01","9999-09-09","ZMB"
"CS","CZEMALFA",1186,"ZW","Zimbabwe","Zimbabwská republika","1900-01-01","9999-09-09","ZWE"